{"cameraMode":{"drawMode":0,"name":"Shaded","section":"Shading Mode"},"sceneLighting":true,"audioPlay":false,"sceneViewState":{"showFog":true,"showMaterialUpdate":false,"showSkybox":true,"showFlares":true,"showImageEffects":true,"showParticleSystems":true},"in2DMode":false,"pivot":{"x":0.5999999642372131,"y":1.0542172193527222,"z":-4.0},"rotation":{"x":0.045987196266651157,"y":0.9539932608604431,"z":-0.20633062720298768,"w":0.21262650191783906},"size":1.3697112798690797,"orthographic":true}