{"cameraMode":{"drawMode":0,"name":"Shaded","section":"Shading Mode"},"sceneLighting":true,"audioPlay":false,"sceneViewState":{"showFog":true,"showMaterialUpdate":false,"showSkybox":true,"showFlares":true,"showImageEffects":true,"showParticleSystems":true},"in2DMode":false,"pivot":{"x":564.9290161132813,"y":1.0399999618530274,"z":563.469970703125},"rotation":{"x":0.23262140154838563,"y":-0.3692943751811981,"z":0.09602836519479752,"w":0.8945879936218262},"size":18.848506927490236,"orthographic":true}