{"cameraMode":{"drawMode":0,"name":"Shaded","section":"Shading Mode"},"sceneLighting":true,"audioPlay":false,"sceneViewState":{"showFog":true,"showMaterialUpdate":false,"showSkybox":true,"showFlares":true,"showImageEffects":true,"showParticleSystems":true},"in2DMode":false,"pivot":{"x":4.849999904632568,"y":1.5199999809265137,"z":-3.0},"rotation":{"x":0.6963202357292175,"y":-0.06955266743898392,"z":0.06810720264911652,"w":0.7110987305641174},"size":9.938196182250977,"orthographic":true}